name,phone,email,address,city,country,category,rating,reviews,gmb_url,has_website,website_url,lead_type,seo_score,seo_issues
Java Roastery,,ONLINE@JAVAROASTERY.CO.UK,"124 Colmore Row, Birmingham B3 3SD, United Kingdom",Birmingham,United Kingdom,Coffee shop,4.5,4,"https://www.google.com/maps/place/Java+Roastery/@52.4803246,-1.9018535,17z/data=!3m1!4b1!4m6!3m5!1s0x4870bc8c66382ef7:0x63695926b5555264!8m2!3d52.4803246!4d-1.9018535!16s%2Fg%2F11b8t6p_fl?authuser=0&hl=en&entry=ttu&g_ep=EgoyMDI2MDMxMS4wIKXMDSoASAFQAw%3D%3D",Yes,http://www.javaroastery.co.uk/,poor_seo,59,Title too long; Meta desc too long; Multiple H1s (2); No HTTPS (insecure); 20 images missing alt
Pieminister,+44 121 285 3743,,"16 Waterloo St, Birmingham B2 5UG, United Kingdom",Birmingham,United Kingdom,Pie shop,4.5,4,"https://www.google.com/maps/place/Pieminister/@52.4798601,-1.901592,17z/data=!3m1!4b1!4m6!3m5!1s0x4870bc8c71cad755:0x91ced4c8a05cd192!8m2!3d52.4798601!4d-1.901592!16s%2Fg%2F11dd_vkpxr?authuser=0&hl=en&entry=ttu&g_ep=EgoyMDI2MDMxMS4wIKXMDSoASAFQAw%3D%3D",Yes,http://www.pieminister.co.uk/restaurants/birmingham/,poor_seo,38,No meta description; No H1 heading; No HTTPS (insecure); No schema markup; No canonical tag
Maihan bakery,+44 121 533 9360,,"Waterloo Rd, Smethwick B66, UK, United Kingdom",Birmingham,United Kingdom,Bakery and Cake Shop,4.6,4,"https://www.google.com/maps/place/Maihan+bakery/@52.4860062,-1.9627832,17z/data=!3m1!4b1!4m6!3m5!1s0x4870bd6c2ab28e43:0xca081556dd5aeacd!8m2!3d52.4860062!4d-1.9627832!16s%2Fg%2F11hbvw6n9t?authuser=0&hl=en&entry=ttu&g_ep=EgoyMDI2MDMxMS4wIKXMDSoASAFQAw%3D%3D",No,,no_website,,
Bethel Bakery Uk,,,"12 Walmley Cl, Walmley, Birmingham, Sutton Coldfield B76 1NQ, United Kingdom",Birmingham,United Kingdom,Bakery and Cake Shop,5.0,5,"https://www.google.com/maps/place/Bethel+Bakery+Uk/@52.54044,-1.800686,17z/data=!3m1!4b1!4m6!3m5!1s0x4870a59d6a5dcff9:0xa84a3d442f311834!8m2!3d52.54044!4d-1.800686!16s%2Fg%2F11j20knr11?authuser=0&hl=en&entry=ttu&g_ep=EgoyMDI2MDMxMS4wIKXMDSoASAFQAw%3D%3D",Yes,https://bethelbakery.co.uk/,poor_seo,57,No meta description; No H1 heading; 4 images missing alt
Little Dessert Shop Kings Heath,+44 121 444 8811,,"65-67, THE PARADE, High St, King's Heath, Birmingham B14 7BH, United Kingdom",Birmingham,United Kingdom,Dessert restaurant,4.1,4,"https://www.google.com/maps/place/Little+Dessert+Shop+Kings+Heath/@52.4366423,-1.8921795,17z/data=!3m1!4b1!4m6!3m5!1s0x4870bc1c9de07787:0x64cbcd4ec5d14d38!8m2!3d52.4366423!4d-1.8921795!16s%2Fg%2F11gh00kldw?authuser=0&hl=en&entry=ttu&g_ep=EgoyMDI2MDMxMS4wIKXMDSoASAFQAw%3D%3D",Yes,https://littledessertshop.co.uk/,poor_seo,43,Title too short; No meta description; No H1 heading; No schema markup; No canonical tag
Batch'd,+44 330 043 4575,,"Lower Mall, Birmingham B5 4BU, United Kingdom",Birmingham,United Kingdom,Bakery and Cake Shop,3.6,3,"https://www.google.com/maps/place/Batch'd/@52.4779516,-1.8938984,17z/data=!3m1!4b1!4m6!3m5!1s0x4870bdc1c133fd5f:0x3979317b76dac1c4!8m2!3d52.4779516!4d-1.8938984!16s%2Fg%2F11rq3f4yxm?authuser=0&hl=en&entry=ttu&g_ep=EgoyMDI2MDMxMS4wIKXMDSoASAFQAw%3D%3D",Yes,https://www.batchd.co.uk/?utm_source=google&utm_medium=search&utm_content=GMB-Bullring,poor_seo,47,Title too short; No meta description; No H1 heading; 22 images missing alt
Simply Cakes by Leah,+44 7510 926634,,"25 Fellmeadow Rd, Birmingham B33 8LB, United Kingdom",Birmingham,United Kingdom,Cake shop,4.7,4,"https://www.google.com/maps/place/Simply+Cakes+by+Leah/@52.4794997,-1.7897495,17z/data=!3m1!4b1!4m6!3m5!1s0x4870ba5dcd784265:0xfe3a5c3c5b69d8d9!8m2!3d52.4794997!4d-1.7897495!16s%2Fg%2F11cmh6qq0w?authuser=0&hl=en&entry=ttu&g_ep=EgoyMDI2MDMxMS4wIKXMDSoASAFQAw%3D%3D",No,,no_website,,
Damascena Coffee House Birmingham City Centre,+44 121 233 1803,,"Portman House, 5-7 Temple Row W, Birmingham B2 5NY, United Kingdom",Birmingham,United Kingdom,Coffee shop,4.5,4,"https://www.google.com/maps/place/Damascena+Coffee+House+Birmingham+City+Centre/@52.4807635,-1.8997548,17z/data=!3m1!4b1!4m6!3m5!1s0x4870bc8c21bacf5f:0x2670ecc7f4775849!8m2!3d52.4807635!4d-1.8997548!16s%2Fg%2F11c5bqyh72?authuser=0&hl=en&entry=ttu&g_ep=EgoyMDI2MDMxMS4wIKXMDSoASAFQAw%3D%3D",Yes,http://www.damascena.co.uk/,poor_seo,25,Title too short; No meta description; No H1 heading; No HTTPS (insecure); 22 images missing alt; No schema markup
DAMASCENA SOUK (Grocer | Bakery | Butcher),+44 121 257 0368,,"564 Moseley Rd, Balsall Heath, Birmingham B12 9AD, United Kingdom",Birmingham,United Kingdom,Bakery and Cake Shop,4.3,4,"https://www.google.com/maps/place/DAMASCENA+SOUK+(Grocer+%7C+Bakery+%7C+Butcher)/@52.4551514,-1.8862838,17z/data=!3m1!4b1!4m6!3m5!1s0x4870bd78feb1b427:0xa0a403efa142afa9!8m2!3d52.4551514!4d-1.8862838!16s%2Fg%2F11j7vnkxzm?authuser=0&hl=en&entry=ttu&g_ep=EgoyMDI2MDMxMS4wIKXMDSoASAFQAw%3D%3D",No,,no_website,,
Halawaat,+44 121 293 4061,,"116 Alcester Rd, Moseley, Birmingham B13 8EE, United Kingdom",Birmingham,United Kingdom,Cafe,4.7,4,"https://www.google.com/maps/place/Halawaat/@52.4490374,-1.8878323,17z/data=!3m1!4b1!4m6!3m5!1s0x4870bb429ff408e3:0xbf56399437cb12c!8m2!3d52.4490374!4d-1.8878323!16s%2Fg%2F11sg82lzjw?authuser=0&hl=en&entry=ttu&g_ep=EgoyMDI2MDMxMS4wIKXMDSoASAFQAw%3D%3D",Yes,http://www.halawaat.co.uk/,poor_seo,3,No page title; No meta description; No H1 heading; No HTTPS (insecure); Not mobile-friendly; No schema markup; No canonical tag
Small Temptation,+44 7311 059955,,"1, Birmingham B1 1SB, United Kingdom",Birmingham,United Kingdom,Bakery and Cake Shop,4.8,4,"https://www.google.com/maps/place/Small+Temptation/@52.4740074,-1.9073784,17z/data=!3m1!4b1!4m6!3m5!1s0x4870bd7ec5c5784f:0x5e6780e8f7b92a1e!8m2!3d52.4740074!4d-1.9073784!16s%2Fg%2F11q1xh7frn?authuser=0&hl=en&entry=ttu&g_ep=EgoyMDI2MDMxMS4wIKXMDSoASAFQAw%3D%3D",No,,no_website,,
Elio Café,,,"65 Wharfside St, Birmingham B1 1RE, United Kingdom",Birmingham,United Kingdom,Cafe,4.7,4,"https://www.google.com/maps/place/Elio+Caf%C3%A9/@52.4760821,-1.90522,17z/data=!3m1!4b1!4m6!3m5!1s0x4870bde3c3305a21:0x3f65b7d8f3f61c92!8m2!3d52.4760821!4d-1.90522!16s%2Fg%2F11pd0zybxh?authuser=0&hl=en&entry=ttu&g_ep=EgoyMDI2MDMxMS4wIKXMDSoASAFQAw%3D%3D",Yes,http://eliocafeuk.com/,poor_seo,57,No meta description; No HTTPS (insecure); 7 images missing alt
Coffee Tales Jewellery Quarter,+44 121 212 3531,,"Unit 2, 17-21 Warstone Ln, Birmingham B18 6HP, United Kingdom",Birmingham,United Kingdom,Coffee shop,4.6,4,"https://www.google.com/maps/place/Coffee+Tales+Jewellery+Quarter/@52.4874181,-1.9097929,17z/data=!3m1!4b1!4m6!3m5!1s0x4870bcedab87e6df:0x5c61bf3572550d7c!8m2!3d52.4874181!4d-1.9097929!16s%2Fg%2F1hc7n5gl5?authuser=0&hl=en&entry=ttu&g_ep=EgoyMDI2MDMxMS4wIKXMDSoASAFQAw%3D%3D",Yes,http://www.coffee-tales.com/,poor_seo,47,Title too short; No meta description; No HTTPS (insecure); 3 images missing alt
Peony Bakes,+44 7857 972693,,"Unit 3, 272 Montgomery St, Sparkbrook, Birmingham B11 1DS, United Kingdom",Birmingham,United Kingdom,Bakery and Cake Shop,4.5,4,"https://www.google.com/maps/place/Peony+Bakes/@52.4638487,-1.8634077,17z/data=!3m1!4b1!4m6!3m5!1s0x2ca52e6955ddbac3:0x610b5271cc88c1fb!8m2!3d52.4638487!4d-1.8634077!16s%2Fg%2F11rkg3hrz6?authuser=0&hl=en&entry=ttu&g_ep=EgoyMDI2MDMxMS4wIKXMDSoASAFQAw%3D%3D",No,,no_website,,
DIY Icing Centre,+44 121 384 8236,,"8A Edwards Rd, Birmingham B24 9EP, United Kingdom",Birmingham,United Kingdom,Cake decorating equipment shop,4.6,4,"https://www.google.com/maps/place/DIY+Icing+Centre/@52.5270147,-1.8356176,17z/data=!3m1!4b1!4m6!3m5!1s0x4870a4d7a2b04e07:0xc6a9acba0418be6b!8m2!3d52.5270147!4d-1.8356176!16s%2Fg%2F1txfnlhc?authuser=0&hl=en&entry=ttu&g_ep=EgoyMDI2MDMxMS4wIKXMDSoASAFQAw%3D%3D",Yes,http://www.diy-icing.co.uk/,poor_seo,53,No meta description; No HTTPS (insecure); No schema markup; No canonical tag
Donya Bakery,+44 121 772 6143,,"385 Coventry Rd, Small Heath, Birmingham B10 0SW, United Kingdom",Birmingham,United Kingdom,Bakery and Cake Shop,4.5,4,"https://www.google.com/maps/place/Donya+Bakery/@52.4713438,-1.8629582,17z/data=!3m1!4b1!4m6!3m5!1s0x4870bb9c48584715:0x7e1f390bc8936f9e!8m2!3d52.4713438!4d-1.8629582!16s%2Fg%2F11bzsz_7p9?authuser=0&hl=en&entry=ttu&g_ep=EgoyMDI2MDMxMS4wIKXMDSoASAFQAw%3D%3D",No,,no_website,,
Faculty Coffee,+44 121 448 7543,Hello@facultycoffee.com,"14 Piccadilly Arcade, Birmingham B2 4HD, United Kingdom",Birmingham,United Kingdom,Coffee shop,4.6,4,"https://www.google.com/maps/place/Faculty+Coffee/@52.4788139,-1.9000194,17z/data=!3m1!4b1!4m6!3m5!1s0x4870bc8bfbd69279:0xf2c53b1d37e5a363!8m2!3d52.4788139!4d-1.9000194!16s%2Fg%2F1q5blgbws?authuser=0&hl=en&entry=ttu&g_ep=EgoyMDI2MDMxMS4wIKXMDSoASAFQAw%3D%3D",Yes,http://www.facultycoffee.com/,poor_seo,39,Title too short; No meta description; Multiple H1s (4); No HTTPS (insecure); 3 images missing alt
Cake Hut,+44 121 440 0013,,"137 Ladypool Rd, Sparkbrook, Birmingham B12 8LH, United Kingdom",Birmingham,United Kingdom,Cake shop,3.5,3,"https://www.google.com/maps/place/Cake+Hut/@52.4581856,-1.8767893,17z/data=!3m1!4b1!4m6!3m5!1s0x4870bb8a27caf19f:0x43ea39f779533b85!8m2!3d52.4581856!4d-1.8767893!16s%2Fg%2F11bbx0ztbx?authuser=0&hl=en&entry=ttu&g_ep=EgoyMDI2MDMxMS4wIKXMDSoASAFQAw%3D%3D",Yes,http://eggfreecake.co.uk/,poor_seo,50,No H1 heading; No HTTPS (insecure); 210 images missing alt; No schema markup; No canonical tag
Cream patisseries ltd,+44 121 777 9127,,"Unit 7c Lyncroft Rd, Tyseley, Birmingham B11 3EJ, United Kingdom",Birmingham,United Kingdom,Bakery and Cake Shop,4.9,4,"https://www.google.com/maps/place/Cream+patisseries+ltd/@52.445817,-1.8450379,17z/data=!3m1!4b1!4m6!3m5!1s0x4870bbc45c4d2e41:0x6abee5aa5b2d929!8m2!3d52.445817!4d-1.8450379!16s%2Fg%2F11b8zg10rw?authuser=0&hl=en&entry=ttu&g_ep=EgoyMDI2MDMxMS4wIKXMDSoASAFQAw%3D%3D",Yes,http://www.creampatisseries.co.uk/,poor_seo,38,No meta description; No H1 heading; No HTTPS (insecure); No schema markup; No canonical tag
Make A Wish Cakes,+44 121 360 4414,,"118 Hillingford Ave, Birmingham B43 7JU, United Kingdom",Birmingham,United Kingdom,Cake shop,4.8,4,"https://www.google.com/maps/place/Make+A+Wish+Cakes/@52.5575146,-1.9050382,17z/data=!3m1!4b1!4m6!3m5!1s0x4870a375df1f968f:0x4073d1b6851a7f51!8m2!3d52.5575146!4d-1.9050382!16s%2Fg%2F1tf79jnf?authuser=0&hl=en&entry=ttu&g_ep=EgoyMDI2MDMxMS4wIKXMDSoASAFQAw%3D%3D",No,,no_website,,
H.V.Smith Bakers Ltd,+44 121 554 5175,,"404 Lodge Rd, Birmingham B18 5PZ, United Kingdom",Birmingham,United Kingdom,Bakery and Cake Shop,4.7,4,"https://www.google.com/maps/place/H.V.Smith+Bakers+Ltd/@52.4923918,-1.9169052,17z/data=!3m1!4b1!4m6!3m5!1s0x4870bce8faf9ffe1:0x46a69cf28a45113!8m2!3d52.4923918!4d-1.9169052!16s%2Fg%2F1tlw8j3x?authuser=0&hl=en&entry=ttu&g_ep=EgoyMDI2MDMxMS4wIKXMDSoASAFQAw%3D%3D",Yes,http://hvsmithbakers.co.uk/,poor_seo,25,Title too long; Meta desc too long; No H1 heading; No HTTPS (insecure); Not mobile-friendly; 26 images missing alt; No schema markup; No canonical tag
Bismillah Bakery,+44 121 523 9886,,"91 Lozells Rd, Lozells, Birmingham B19 2TR, United Kingdom",Birmingham,United Kingdom,Bakery and Cake Shop,3.7,3,"https://www.google.com/maps/place/Bismillah+Bakery/@52.5029647,-1.9057085,17z/data=!3m1!4b1!4m6!3m5!1s0x4870bcb8f4aeab79:0x572e5cd18b7c289a!8m2!3d52.5029647!4d-1.9057085!16s%2Fg%2F1tj_4ppv?authuser=0&hl=en&entry=ttu&g_ep=EgoyMDI2MDMxMS4wIKXMDSoASAFQAw%3D%3D",Yes,http://www.bbakery.co.uk/,poor_seo,55,Title too short; No meta description; No HTTPS (insecure)
Crestwood Cakes and Bakes,+44 7583 706397,sales@crestwoodcakesandbakes.co.uk,"10 Elmbridge Rd, Great Barr, Birmingham B44 8AB, United Kingdom",Birmingham,United Kingdom,Bakery and Cake Shop,4.5,4,"https://www.google.com/maps/place/Crestwood+Cakes+and+Bakes/@52.5311869,-1.8917767,17z/data=!3m1!4b1!4m6!3m5!1s0x4870a35bc10c84d9:0x1b91905b3321b6fd!8m2!3d52.5311869!4d-1.8917767!16s%2Fg%2F1ptz79g6l?authuser=0&hl=en&entry=ttu&g_ep=EgoyMDI2MDMxMS4wIKXMDSoASAFQAw%3D%3D",Yes,http://www.crestwoodcakesandbakes.co.uk/,poor_seo,35,No meta description; No H1 heading; No HTTPS (insecure); 6 images missing alt; No schema markup
Crusty Cottage Bakery,+44 121 423 3084,,"77 Gorsy Rd, Quinton, Birmingham B32 2SJ, United Kingdom",Birmingham,United Kingdom,Bakery and Cake Shop,4.8,4,"https://www.google.com/maps/place/Crusty+Cottage+Bakery/@52.4532271,-1.9896134,17z/data=!3m1!4b1!4m6!3m5!1s0x48709622fa634a0f:0xd14a08ca60f0ce1c!8m2!3d52.4532271!4d-1.9896134!16s%2Fg%2F11q24ky2t0?authuser=0&hl=en&entry=ttu&g_ep=EgoyMDI2MDMxMS4wIKXMDSoASAFQAw%3D%3D",Yes,https://m.facebook.com/The-Crusty-Cottage-Craft-Bakery-Quinton-1200839546685782/,poor_seo,33,Title too short; No meta description; No H1 heading; Not mobile-friendly; No schema markup
Egg free Cake Box Perry Barr,,,"One Stop Shopping Centre, Perry Barr, Birmingham B42 1AA, United Kingdom",Birmingham,United Kingdom,Cake shop,4.2,4,"https://www.google.com/maps/place/Egg+free+Cake+Box+Perry+Barr/@52.5177649,-1.9030293,17z/data=!3m1!4b1!4m6!3m5!1s0x4870a38a12196d3d:0x7f1fe36f16e20790!8m2!3d52.5177649!4d-1.9030293!16s%2Fg%2F11rlbcswkj?authuser=0&hl=en&entry=ttu&g_ep=EgoyMDI2MDMxMS4wIKXMDSoASAFQAw%3D%3D",Yes,http://eggfreecake.co.uk/,poor_seo,50,No H1 heading; No HTTPS (insecure); 210 images missing alt; No schema markup; No canonical tag
Mackays Jamaican Kitchen,+44 7935 502174,mackaysjamaicankitchen@gmail.com,"Marston Dr, Birmingham B37 6BD, United Kingdom",Birmingham,United Kingdom,Cake shop,5.0,5,"https://www.google.com/maps/place/Mackays+Jamaican+Kitchen/@52.4934717,-1.7499485,17z/data=!3m1!4b1!4m6!3m5!1s0x487607d13c939cc9:0xa3685acb049e52ee!8m2!3d52.4934717!4d-1.7499485!16s%2Fg%2F11fmbk6l6s?authuser=0&hl=en&entry=ttu&g_ep=EgoyMDI2MDMxMS4wIKXMDSoASAFQAw%3D%3D",Yes,https://www.mackaysjamaicankitchen.co.uk/,poor_seo,55,Title too long; Meta desc too short; No H1 heading; 472 images missing alt; No schema markup
Kingdom Sweets & Bakers,+44 121 777 3494,,"750 Stratford Rd, Birmingham B11 4BP, United Kingdom",Birmingham,United Kingdom,Bakery and Cake Shop,4.4,4,"https://www.google.com/maps/place/Kingdom+Sweets+%26+Bakers/@52.4468643,-1.859873,17z/data=!3m1!4b1!4m6!3m5!1s0x4870bbeeb71fefa5:0xd8b2ab8e3ed56860!8m2!3d52.4468643!4d-1.859873!16s%2Fg%2F11f0x9rb42?authuser=0&hl=en&entry=ttu&g_ep=EgoyMDI2MDMxMS4wIKXMDSoASAFQAw%3D%3D",No,,no_website,,
Little Dessert Shop Bull Ring,+44 121 631 1429,,"Unit L1 Link Street Upper Mall West, Birmingham B5 4BU, United Kingdom",Birmingham,United Kingdom,Dessert shop,4.0,4,"https://www.google.com/maps/place/Little+Dessert+Shop+Bull+Ring/@52.4770019,-1.8975797,17z/data=!3m1!4b1!4m6!3m5!1s0x4870bd4d79558c4d:0x720e04c76ed8b06!8m2!3d52.4770019!4d-1.8975797!16s%2Fg%2F11h2psc_pm?authuser=0&hl=en&entry=ttu&g_ep=EgoyMDI2MDMxMS4wIKXMDSoASAFQAw%3D%3D",Yes,https://www.littledessertshop.co.uk/stores/10/birmingham-bullring,poor_seo,43,Title too short; No meta description; No H1 heading; No schema markup; No canonical tag
Nafees Bakers & Sweets Alum Rock,+44 121 245 0190,info@nafees-bakers.com,"131 Alum Rock Rd, Alum Rock, Birmingham B8 1NH, United Kingdom",Birmingham,United Kingdom,Bakery and Cake Shop,4.4,4,"https://www.google.com/maps/place/Nafees+Bakers+%26+Sweets+Alum+Rock/@52.4896854,-1.853855,17z/data=!3m1!4b1!4m6!3m5!1s0x4870bb137322bded:0xa257ddd8cdbefd09!8m2!3d52.4896854!4d-1.853855!16s%2Fg%2F11bwpzcblr?authuser=0&hl=en&entry=ttu&g_ep=EgoyMDI2MDMxMS4wIKXMDSoASAFQAw%3D%3D",Yes,http://www.nafees-bakers.com/,poor_seo,47,Title too short; Meta desc too long; No H1 heading; No HTTPS (insecure); 13 images missing alt
Perch,,hello@perchbakery.co.uk,"190 Corporation St, Birmingham B4 6QD, United Kingdom",Birmingham,United Kingdom,Coffee shop,4.4,4,"https://www.google.com/maps/place/Perch/@52.4832369,-1.8931083,17z/data=!3m1!4b1!4m6!3m5!1s0x4870bd7d54dd6ed5:0xc161337fecee3e01!8m2!3d52.4832369!4d-1.8931083!16s%2Fg%2F11sf9my53c?authuser=0&hl=en&entry=ttu&g_ep=EgoyMDI2MDMxMS4wIKXMDSoASAFQAw%3D%3D",Yes,https://perchbakery.co.uk/,poor_seo,50,No meta description; No H1 heading; 5 images missing alt; No schema markup
All Homemade Cakes Ltd,+44 7804 627212,,"8 Poplar Rd, King's Heath, Birmingham B14 7AD, United Kingdom",Birmingham,United Kingdom,Cake shop,4.7,4,"https://www.google.com/maps/place/All+Homemade+Cakes+Ltd/@52.4357439,-1.8922708,17z/data=!3m1!4b1!4m6!3m5!1s0x4870bc8d03ff0757:0xb0fd9e8224e0aa7!8m2!3d52.4357439!4d-1.8922708!16s%2Fg%2F11c5h2vbh0?authuser=0&hl=en&entry=ttu&g_ep=EgoyMDI2MDMxMS4wIKXMDSoASAFQAw%3D%3D",No,,no_website,,
Aroosa Cake Council (Homemade Halal customised Cake Cupcakes Cookies in Birmingham),+44 7480 300476,,"126A Yardley Rd, Acocks Green, Birmingham B27 6LR, United Kingdom",Birmingham,United Kingdom,Bakery and Cake Shop,5.0,5,"https://www.google.com/maps/place/Aroosa+Cake+Council+(Homemade+Halal+customised+Cake+Cupcakes+Cookies+in+Birmingham)/@52.4533039,-1.8178287,17z/data=!3m1!4b1!4m6!3m5!1s0x4870bbb13922eb9b:0x5dc69f2e01887719!8m2!3d52.4533039!4d-1.8178287!16s%2Fg%2F11v_4jr0y6?authuser=0&hl=en&entry=ttu&g_ep=EgoyMDI2MDMxMS4wIKXMDSoASAFQAw%3D%3D",No,,no_website,,
La Cakery Hamstead,+44 121 824 5995,,"1 Old Walsall Rd, Hamstead, Birmingham B42 1NN, United Kingdom",Birmingham,United Kingdom,Cake shop,4.6,4,"https://www.google.com/maps/place/La+Cakery+Hamstead/@52.5316936,-1.9299212,17z/data=!3m1!4b1!4m6!3m5!1s0x4870a31884244e55:0x1ab69dfc1283bb58!8m2!3d52.5316936!4d-1.9299212!16s%2Fg%2F11sc45b2bd?authuser=0&hl=en&entry=ttu&g_ep=EgoyMDI2MDMxMS4wIKXMDSoASAFQAw%3D%3D",Yes,https://www.lacakery.co.uk/,poor_seo,45,Title too long; No meta description; No H1 heading; 23 images missing alt; No schema markup
Cake Inn,+44 121 537 8080,,"138 High St, West Bromwich B70 6JJ, United Kingdom",Birmingham,United Kingdom,Cake shop,4.8,4,"https://www.google.com/maps/place/Cake+Inn/@52.5153396,-1.9886057,17z/data=!3m1!4b1!4m6!3m5!1s0x487099355e0e97df:0xf987780b5f1dd315!8m2!3d52.5153396!4d-1.9886057!16s%2Fg%2F11rjkc1v5j?authuser=0&hl=en&entry=ttu&g_ep=EgoyMDI2MDMxMS4wIKXMDSoASAFQAw%3D%3D",Yes,http://www.cakeinn.co.uk/,poor_seo,53,No meta description; No HTTPS (insecure); No schema markup; No canonical tag
DeliCakesbyKriti,+44 7534 630222,enquiries@delicakesbykriti.co.uk,"46 Circular Rd, Birmingham B27 7DB, United Kingdom",Birmingham,United Kingdom,Bakery and Cake Shop,5.0,5,"https://www.google.com/maps/place/DeliCakesbyKriti/@52.440283,-1.823148,17z/data=!3m1!4b1!4m6!3m5!1s0x4870bbf3a995590d:0xfe8dced3c43aa8db!8m2!3d52.440283!4d-1.823148!16s%2Fg%2F11rfn3hb5b?authuser=0&hl=en&entry=ttu&g_ep=EgoyMDI2MDMxMS4wIKXMDSoASAFQAw%3D%3D",Yes,http://delicakesbykriti.wixsite.com/home,poor_seo,50,No meta description; No HTTPS (insecure); 30 images missing alt; No schema markup
The Pasty Shop Birmingham New Street,+44 121 643 6087,,"16A Stephenson Pl, Birmingham B2 4BW, United Kingdom",Birmingham,United Kingdom,Pastry shop,4.2,4,"https://www.google.com/maps/place/The+Pasty+Shop+Birmingham+New+Street/@52.4774534,-1.8998848,17z/data=!3m1!4b1!4m6!3m5!1s0x4870bc8963c63697:0x2caa0261cf1a7141!8m2!3d52.4774534!4d-1.8998848!16s%2Fg%2F11g_5xslz?authuser=0&hl=en&entry=ttu&g_ep=EgoyMDI2MDMxMS4wIKXMDSoASAFQAw%3D%3D",Yes,http://www.foodtravelexperts.com/,poor_seo,40,Title too short; No meta description; Multiple H1s (4); No HTTPS (insecure); No schema markup
Little Dessert Shop Lozells,+44 121 630 3743,,"1A Heathfield Rd, Lozells, Birmingham B19 1HA, United Kingdom",Birmingham,United Kingdom,Dessert shop,4.8,4,"https://www.google.com/maps/place/Little+Dessert+Shop+Lozells/@52.5030906,-1.9162354,17z/data=!3m1!4b1!4m6!3m5!1s0x4870bdd241313e27:0x53b3f3306099ea04!8m2!3d52.5030906!4d-1.9162354!16s%2Fg%2F11sdcb53_j?authuser=0&hl=en&entry=ttu&g_ep=EgoyMDI2MDMxMS4wIKXMDSoASAFQAw%3D%3D",Yes,https://www.littledessertshop.co.uk/menu/50/lozells,poor_seo,43,Title too short; No meta description; No H1 heading; No schema markup; No canonical tag
Wah Kee Bakery (Hey Sugar),+44 121 622 6162,,"Ladywell Walk, Birmingham B5 4ST, United Kingdom",Birmingham,United Kingdom,Bakery and Cake Shop,4.2,4,"https://www.google.com/maps/place/Wah+Kee+Bakery+(Hey+Sugar)/@52.4751153,-1.8958819,17z/data=!3m1!4b1!4m6!3m5!1s0x4870bc89c14edad1:0x6a2ad537bbe1939d!8m2!3d52.4751153!4d-1.8958819!16s%2Fg%2F1thf7_vl?authuser=0&hl=en&entry=ttu&g_ep=EgoyMDI2MDMxMS4wIKXMDSoASAFQAw%3D%3D",No,,no_website,,
Cake Quarter,+44 121 507 1645,info@cakequarter.co.uk,"46 Vyse St, Birmingham B18 6HF, United Kingdom",Birmingham,United Kingdom,Cake shop,5.0,5,"https://www.google.com/maps/place/Cake+Quarter/@52.4907496,-1.9124789,17z/data=!3m1!4b1!4m6!3m5!1s0x4870bcebe4420299:0xb4aee96494f62c5b!8m2!3d52.4907496!4d-1.9124789!16s%2Fg%2F11b6jkxw3d?authuser=0&hl=en&entry=ttu&g_ep=EgoyMDI2MDMxMS4wIKXMDSoASAFQAw%3D%3D",Yes,http://www.cakequarter.co.uk/,poor_seo,40,Title too short; No meta description; No H1 heading; No HTTPS (insecure)
Little Cake Company,+44 7988 530467,,"Wensley Rd, Birmingham B26 1LT, United Kingdom",Birmingham,United Kingdom,Bakery and Cake Shop,4.4,4,"https://www.google.com/maps/place/Little+Cake+Company/@52.4608582,-1.7961258,17z/data=!3m1!4b1!4m6!3m5!1s0x4870ba65ee245143:0xedd5d6d0ddfea53b!8m2!3d52.4608582!4d-1.7961258!16s%2Fg%2F11btx04gjz?authuser=0&hl=en&entry=ttu&g_ep=EgoyMDI2MDMxMS4wIKXMDSoASAFQAw%3D%3D",Yes,http://www.littlecakecompany.co.uk/,poor_seo,43,Title too short; No meta description; No HTTPS (insecure); No schema markup; No canonical tag
Red Velvet Patisserie,+44 121 448 4659,,"Highfield Rd, Saltley, Birmingham B8 3QF, United Kingdom",Birmingham,United Kingdom,Cake shop,4.7,4,"https://www.google.com/maps/place/Red+Velvet+Patisserie/@52.4896438,-1.8516311,17z/data=!3m1!4b1!4m6!3m5!1s0x4870bb13955a4521:0x61f8f64967181b6e!8m2!3d52.4896438!4d-1.8516311!16s%2Fg%2F1q2_d7x7h?authuser=0&hl=en&entry=ttu&g_ep=EgoyMDI2MDMxMS4wIKXMDSoASAFQAw%3D%3D",No,,no_website,,
Silver Tree Bakery,+44 121 748 6455,,"Silver Tree Bakery, Minworth, Water Orton Ln, The Royal Town of Sutton Coldfield, Sutton Coldfield B76 9BG, United Kingdom",Birmingham,United Kingdom,Bakery and Cake Shop,4.7,4,"https://www.google.com/maps/place/Silver+Tree+Bakery/@52.5222343,-1.7583631,17z/data=!3m1!4b1!4m6!3m5!1s0x4870bb6c983ee8bd:0x779edeb12ae476ef!8m2!3d52.5222343!4d-1.7583631!16s%2Fg%2F11gyyc0fqm?authuser=0&hl=en&entry=ttu&g_ep=EgoyMDI2MDMxMS4wIKXMDSoASAFQAw%3D%3D",Yes,http://www.silvertreebakery.co.uk/,poor_seo,38,No meta description; No H1 heading; No HTTPS (insecure); No schema markup; No canonical tag
Golden Cake Shop 2 Granny's,+44 121 291 7170,,"173 Rookery Rd, Handsworth, Birmingham B21 9QZ, United Kingdom",Birmingham,United Kingdom,Bakery and Cake Shop,4.7,4,"https://www.google.com/maps/place/Golden+Cake+Shop+2+Granny's/@52.510352,-1.9402525,17z/data=!3m1!4b1!4m6!3m5!1s0x4870bd78f11e5c45:0xafd2ba7f015f15b5!8m2!3d52.510352!4d-1.9402525!16s%2Fg%2F11gw2jkbbg?authuser=0&hl=en&entry=ttu&g_ep=EgoyMDI2MDMxMS4wIKXMDSoASAFQAw%3D%3D",Yes,https://goldencakeshop2.com/o0M9,poor_seo,53,No page title; No meta description; No schema markup
Cake Bake smethwick ltd,+44 121 293 2783,,"3, Tollgate Shopping Centre, Brewery St, Smethwick B67 7RA, United Kingdom",Birmingham,United Kingdom,Cake shop,4.9,4,"https://www.google.com/maps/place/Cake+Bake+smethwick+ltd/@52.4957384,-1.9722508,17z/data=!3m1!4b1!4m6!3m5!1s0x4870bd5d11f4ca4d:0x601e36419929cc0d!8m2!3d52.4957384!4d-1.9722508!16s%2Fg%2F11f159pdsg?authuser=0&hl=en&entry=ttu&g_ep=EgoyMDI2MDMxMS4wIKXMDSoASAFQAw%3D%3D",Yes,http://cakebake-eggfree.co.uk/,poor_seo,23,No meta description; No H1 heading; No HTTPS (insecure); Not mobile-friendly; No schema markup; No canonical tag
Dipyum Cakes,+44 121 772 4505,,"280 Baldwins Ln, Birmingham B28 0XB, United Kingdom",Birmingham,United Kingdom,Cake shop,4.8,4,"https://www.google.com/maps/place/Dipyum+Cakes/@52.4141899,-1.8442363,17z/data=!3m1!4b1!4m6!3m5!1s0x4870bb8c3960353d:0xf420c85b569faf5!8m2!3d52.4141899!4d-1.8442363!16s%2Fg%2F1tjmd2zg?authuser=0&hl=en&entry=ttu&g_ep=EgoyMDI2MDMxMS4wIKXMDSoASAFQAw%3D%3D",Yes,https://www.dipyumcakes.co.uk/,poor_seo,58,Title too short; No meta description; No schema markup; No canonical tag
Cake Corner,+44 121 247 3840,,"145 Ladypool Rd, Sparkbrook, Birmingham B12 8LH, United Kingdom",Birmingham,United Kingdom,Cake shop,4.6,4,"https://www.google.com/maps/place/Cake+Corner/@52.4579845,-1.8767996,17z/data=!3m1!4b1!4m6!3m5!1s0x4870bb8a25e30861:0xec51d6bdac6fffc5!8m2!3d52.4579845!4d-1.8767996!16s%2Fg%2F11c6d9bzff?authuser=0&hl=en&entry=ttu&g_ep=EgoyMDI2MDMxMS4wIKXMDSoASAFQAw%3D%3D",No,,no_website,,
Naked Bakes,,,"2b Woodthorpe Rd, Birmingham B14 6EL, United Kingdom",Birmingham,United Kingdom,Cake shop,4.9,4,"https://www.google.com/maps/place/Naked+Bakes/@52.4214013,-1.8926361,17z/data=!3m1!4b1!4m6!3m5!1s0x4870bf7985b99b6d:0x58c6abaedb94cc82!8m2!3d52.4214013!4d-1.8926361!16s%2Fg%2F11m9v3glkz?authuser=0&hl=en&entry=ttu&g_ep=EgoyMDI2MDMxMS4wIKXMDSoASAFQAw%3D%3D",Yes,http://www.nakedbakes.co.uk/,poor_seo,30,Title too long; No meta description; No H1 heading; No HTTPS (insecure); 8 images missing alt; No schema markup
Bakeville,+44 121 758 7489,,"Unit 18 Fox & Goose Shopping Centre, Washwood Heath, Birmingham B8 2EP, United Kingdom",Birmingham,United Kingdom,Dessert shop,4.8,4,"https://www.google.com/maps/place/Bakeville/@52.4941344,-1.8193065,17z/data=!3m1!4b1!4m6!3m5!1s0x4870bbbe85c74bf1:0x29a8aabd1c858729!8m2!3d52.4941344!4d-1.8193065!16s%2Fg%2F11lcfynptf?authuser=0&hl=en&entry=ttu&g_ep=EgoyMDI2MDMxMS4wIKXMDSoASAFQAw%3D%3D",No,,no_website,,
Cake Box - Coventry Road Small Heath (Birmingham),+44 121 773 1743,,"483 Coventry Rd, Birmingham B10 0JS, United Kingdom",Birmingham,United Kingdom,Cake shop,4.6,4,"https://www.google.com/maps/place/Cake+Box+-+Coventry+Road+Small+Heath+(Birmingham)/@52.4695126,-1.8583899,17z/data=!3m1!4b1!4m6!3m5!1s0x4870bb9ed3ad8169:0xe0e8e37536f9545f!8m2!3d52.4695126!4d-1.8583899!16s%2Fg%2F11cmffks8r?authuser=0&hl=en&entry=ttu&g_ep=EgoyMDI2MDMxMS4wIKXMDSoASAFQAw%3D%3D",Yes,http://www.eggfreecake.co.uk/,poor_seo,50,No H1 heading; No HTTPS (insecure); 210 images missing alt; No schema markup; No canonical tag
Bite Me Cakes! Birmingham,+44 7950 364874,,"Horseshoe Crescent Netherhall park, Birmingham B43 7DN, United Kingdom",Birmingham,United Kingdom,Cake shop,4.9,4,"https://www.google.com/maps/place/Bite+Me+Cakes!+Birmingham/@52.5553072,-1.9164824,17z/data=!3m1!4b1!4m6!3m5!1s0x4870a3095a5c4abf:0x18c3c38b11305747!8m2!3d52.5553072!4d-1.9164824!16s%2Fg%2F11g9q4m233?authuser=0&hl=en&entry=ttu&g_ep=EgoyMDI2MDMxMS4wIKXMDSoASAFQAw%3D%3D",No,,no_website,,
La Belle Patisserie,+44 121 257 8118,,"152 Lozells Rd, Lozells, Birmingham B19 2SX, United Kingdom",Birmingham,United Kingdom,Patisserie,4.6,4,"https://www.google.com/maps/place/La+Belle+Patisserie/@52.5029095,-1.9089867,17z/data=!3m1!4b1!4m6!3m5!1s0x4870bcc706a62f7b:0x2189231f8ab71e81!8m2!3d52.5029095!4d-1.9089867!16s%2Fg%2F1tfxxgl7?authuser=0&hl=en&entry=ttu&g_ep=EgoyMDI2MDMxMS4wIKXMDSoASAFQAw%3D%3D",No,,no_website,,
Delish Bakery,+44 7442 170021,,"Bradford St, Deritend, Birmingham B12 0AA, United Kingdom",Birmingham,United Kingdom,Cake shop,5.0,5,"https://www.google.com/maps/place/Delish+Bakery/@52.4733905,-1.8862009,17z/data=!3m1!4b1!4m6!3m5!1s0x4870bdbffa9f4d7b:0x72f5ef11da5b2f90!8m2!3d52.4733905!4d-1.8862009!16s%2Fg%2F11p5rmj24r?authuser=0&hl=en&entry=ttu&g_ep=EgoyMDI2MDMxMS4wIKXMDSoASAFQAw%3D%3D",Yes,https://www.delishbakery.com/,poor_seo,58,No meta description; No H1 heading; No schema markup
Pastry House Birmingham,+44 121 772 7723,info@pastryhouse.co.uk,"389B Coventry Rd, Birmingham B10 0SP, United Kingdom",Birmingham,United Kingdom,Pastry shop,4.5,4,"https://www.google.com/maps/place/Pastry+House+Birmingham/@52.4710893,-1.8624067,17z/data=!3m1!4b1!4m6!3m5!1s0x4870bb9c39b34829:0xe38688ddff7b5281!8m2!3d52.4710893!4d-1.8624067!16s%2Fg%2F1tcv0whz?authuser=0&hl=en&entry=ttu&g_ep=EgoyMDI2MDMxMS4wIKXMDSoASAFQAw%3D%3D",Yes,https://pastryhouse.it-sc.co.uk/,poor_seo,57,No meta description; Multiple H1s (3); 14 images missing alt; No schema markup
